London,51.5072,-0.1275,]
Birmingham,52.48,-1.9025,]
Portsmouth,50.8058,-1.0872,]
Southampton,50.9025,-1.4042,]
Leeds,53.7975,-1.5436,]
Nottingham,52.9561,-1.1512,]
Bristol,51.4536,-2.5975,]
Glasgow,55.8611,-4.25,]
Manchester,53.479,-2.2452,]
Sheffield,53.3808,-1.4703,]
Liverpool,53.4094,-2.9785,]
Leicester,52.6344,-1.1319,]
Caerdydd,51.4833,-3.1833,]
Edinburgh,55.9533,-3.1892,]
Worthing,50.8147,-0.3714,]
Stoke-on-Trent,53.0,-2.1833,]
Coventry,52.4081,-1.5106,]
Belfast,54.5964,-5.93,]
Reading,51.4542,-0.9731,]
Kingston upon Hull,53.7444,-0.3325,]
Newcastle,54.978,-1.6102,]
Bradford,53.8,-1.75,]
Bolton,53.578,-2.429,]
Sunderland,54.906,-1.381,]
Derby,52.9247,-1.478,]
Plymouth,50.3714,-4.1422,]
Westminster,51.4947,-0.1353,]
Wolverhampton,52.5833,-2.1333,]
Northampton,52.2304,-0.8938,]
Abertawe,51.6167,-3.95,]
Barnsley,53.5547,-1.4791,]
Swindon,51.56,-1.78,]
Norwich,52.6286,1.2928,]
Luton,51.8783,-0.4147,]
Milton Keynes,52.04,-0.76,]
Solihull,52.413,-1.778,]
Islington,51.544,-0.1027,]
Aberdeen,57.15,-2.11,]
Peterborough,52.5661,-0.2364,]
Croydon,51.3727,-0.1099,]
Bournemouth,50.72,-1.88,]
Basildon,51.58,0.49,]
Maidstone,51.272,0.529,]
Ilford,51.5575,0.0858,]
Warrington,53.39,-2.59,]
Huddersfield,53.645,-1.7798,]
Southend,51.55,0.71,]
Newport,51.5886,-2.9978,]
Enfield,51.6522,-0.0808,]
Oxford,51.75,-1.25,]
Ipswich,52.0594,1.1556,]
Harrow,51.5836,-0.3464,]
Dundee,56.462,-2.9707,]
West Bromwich,52.519,-1.995,]
Gloucester,51.8667,-2.25,]
Poole,50.7167,-1.9833,]
Birkenhead,53.393,-3.014,]
Telford,52.6766,-2.4469,]
Preston,53.83,-2.735,]
York,53.96,-1.08,]
Middlesbrough,54.5767,-1.2355,]
Blackpool,53.8142,-3.0503,]
Stockport,53.4083,-2.1494,]
Brighton,50.8208,-0.1375,]
Sale,53.424,-2.322,]
Lincoln,53.2283,-0.5389,]
Tottenham,51.5975,-0.0681,]
Exeter,50.7256,-3.5269,]
Cambridge,52.2053,0.1192,]
Romford,51.5768,0.1801,]
Colchester,51.8917,0.903,]
High Wycombe,51.6287,-0.7482,]
Gateshead,54.9556,-1.6,]
Slough,51.5084,-0.5881,]
Blackburn,53.748,-2.482,]
Cheltenham,51.9,-2.0667,]
Chelmsford,51.73,0.48,]
Rochdale,53.61,-2.16,]
Wythenshawe,53.392,-2.264,]
Sutton Coldfield,52.563,-1.822,]
Doncaster,53.5231,-1.1339,]
Rotherham,53.43,-1.357,]
Walthamstow,51.584,-0.021,]
Basingstoke,51.2667,-1.0876,]
Crawley,51.1092,-0.1872,]
Dagenham,51.5397,0.1422,]
Gillingham,51.385,0.55,]
Halifax,53.725,-1.863,]
Salford,53.483,-2.2931,]
Wigan,53.5448,-2.6318,]
Hounslow,51.4668,-0.375,]
Wembley,51.5528,-0.2979,]
Saint Helens,53.4542,-2.7361,]
Worcester,52.1911,-2.2206,]
Eastbourne,50.77,0.28,]
Wakefield,53.6825,-1.4975,]
Oldham,53.5444,-2.1169,]
Hammersmith,51.4928,-0.2229,]
Rayleigh,51.5864,0.6049,]
Hemel Hempstead,51.7526,-0.4692,]
Bath,51.38,-2.36,]
Hayes,51.5127,-0.4211,]
Darlington,54.527,-1.5526,]
Wimbledon,51.422,-0.208,]
Bedford,52.135,-0.47,]
Hove,50.8352,-0.1758,]
Southport,53.6475,-3.0053,]
Hastings,50.85,0.57,]
Orpington,51.3741,0.0986,]
Watford,51.655,-0.3957,]
Stevenage,51.9017,-0.2019,]
Grimsby,53.5675,-0.08,]
Hartlepool,54.69,-1.21,]
Bromley,51.407,0.021,]
Chester,53.19,-2.89,]
Fulham,51.4828,-0.195,]
Nuneaton,52.523,-1.468,]
Derry,54.9975,-7.32,]
Ealing,51.5175,-0.2988,]
Woolwich,51.488,0.063,]
Aylesbury,51.8168,-0.8124,]
Ashford,51.1465,0.8676,]
Stockton-on-Tees,54.57,-1.32,]
Edmonton,51.6154,-0.0708,]
Saint Albans,51.755,-0.336,]
Harlow,51.779,0.128,]
Burnley,53.789,-2.248,]
Redditch,52.3,-1.9333,]
Batley,53.7167,-1.6356,]
Scunthorpe,53.5809,-0.6502,]
Dudley,52.508,-2.089,]
Bury,53.593,-2.298,]
Eastleigh,50.9667,-1.35,]
Brixton,51.4575,-0.1175,]
Southall,51.5111,-0.3756,]
Bracknell,51.416,-0.749,]
Paisley,55.8456,-4.4239,]
Guildford,51.2365,-0.5703,]
Chatham,51.37,0.52,]
East Ham,51.5323,0.0554,]
Weston-super-Mare,51.346,-2.977,]
Carlisle,54.8947,-2.9364,]
South Shields,54.995,-1.43,]
East Kilbride,55.7644,-4.1769,]
Newcastle under Lyme,53.0109,-2.2278,]
Burton upon Trent,52.8019,-1.6367,]
Gravesend,51.4415,0.3685,]
Tamworth,52.633,-1.695,]
Harrogate,53.9919,-1.5378,]
Crewe,53.099,-2.44,]
Shrewsbury,52.708,-2.754,]
Gosport,50.7948,-1.1243,]
Lisburn,54.512,-6.031,]
Lowestoft,52.48,1.75,]
Rugby,52.37,-1.26,]
Stafford,52.807,-2.117,]
Chingford,51.623,0.009,]
Uxbridge,51.5404,-0.4778,]
Mansfield,53.1444,-1.1964,]
Rhondda,51.6159,-3.4175,]
Tynemouth,55.017,-1.423,]
Cannock,52.691,-2.027,]
Walsall,52.58,-1.98,]
Washington,54.9,-1.52,]
Grays,51.475,0.33,]
Godalming,51.1855,-0.6155,]
Walton upon Thames,51.3868,-0.4133,]
Finchley,51.599,-0.187,]
Thornton Heath,51.4002,-0.1086,]
Torquay,50.47,-3.53,]
Farnborough,51.29,-0.75,]
Kensington,51.5,-0.19,]
Boston,52.974,-0.0214,]
Paignton,50.4353,-3.5625,]
Waterlooville,50.88,-1.03,]
Guiseley,53.875,-1.706,]
Bognor Regis,50.7824,-0.6764,]
Hornchurch,51.5565,0.2128,]
Maidenhead,51.5217,-0.7177,]
Mitcham,51.4009,-0.1517,]
Feltham,51.4496,-0.4089,]
Stourbridge,52.4575,-2.1479,]
Rochester,51.375,0.5,]
Dewsbury,53.691,-1.633,]
Woking,51.305,-0.539,]
Sittingbourne,51.34,0.74,]
Acton,51.5135,-0.2707,]
Twickenham,51.449,-0.337,]
Runcorn,53.3417,-2.7313,]
Wrecsam,53.046,-2.993,]
Widnes,53.362,-2.7341,]
Margate,51.385,1.3838,]
Ellesmere Port,53.279,-2.897,]
Bangor,54.66,-5.67,]
Taunton,51.019,-3.1,]
Wallasey,53.4158,-3.0233,]
Loughborough,52.7725,-1.2078,]
Barking,51.54,0.08,]
Edgware,51.6185,-0.2729,]
Littlehampton,50.8094,-0.5409,]
Ruislip,51.576,-0.433,]
Halesowen,52.4502,-2.0509,]
Streatham,51.4279,-0.1235,]
Royal Tunbridge Wells,51.132,0.263,]
Bebington,53.35,-3.003,]
Aldershot,51.2483,-0.7614,]
Macclesfield,53.25,-2.13,]
Wellingborough,52.3028,-0.6944,]
Kettering,52.3931,-0.7229,]
Braintree,51.878,0.55,]
Royal Leamington Spa,52.2919,-1.5358,]
Kidderminster,52.3885,-2.249,]
Barrow in Furness,54.1108,-3.2261,]
Corby,52.4877,-0.7013,]
Canterbury,51.28,1.08,]
Christchurch,50.73,-1.78,]
Keighley,53.867,-1.911,]
Hamilton,55.777,-4.039,]
Hereford,52.056,-2.716,]
Dunfermline,56.0719,-3.4393,]
Brentwood,51.62,0.305,]
Altrincham,53.3838,-2.3547,]
Lancaster,54.0489,-2.8014,]
Crosby,53.4872,-3.0343,]
Barri,51.405,-3.27,]
Willenhall,52.5798,-2.0605,]
Bootle,53.4457,-2.9891,]
Stratford,51.5423,-0.0026,]
Folkestone,51.0792,1.1794,]
Dartford,51.4444,0.2172,]
Weymouth,50.6097,-2.4547,]
Horsham,51.062,-0.325,]
Cumbernauld,55.945,-3.994,]
Esher,51.3691,-0.365,]
Andover,51.208,-1.48,]
Livingston,55.8834,-3.5157,]
Neath,51.66,-3.81,]
Clacton-on-Sea,51.7918,1.1457,]
Northwich,53.259,-2.518,]
Rowley Regis,52.488,-2.05,]
Scarborough,54.2825,-0.4,]
Leith,55.98,-3.17,]
Yeovil,50.9452,-2.637,]
Pen-y-Bont ar Ogwr,51.507,-3.578,]
Eltham,51.451,0.052,]
Hampstead,51.5541,-0.1744,]
Cwmbran,51.653,-3.021,]
Sutton in Ashfield,53.125,-1.261,]
Welwyn Garden City,51.8062,-0.1932,]
Morden,51.4015,-0.1949,]
Smethwick,52.4931,-1.9686,]
Kirkcaldy,56.1107,-3.1674,]
Durham,54.7761,-1.5733,]
Perth,56.3958,-3.4333,]
Barnet,51.6444,-0.1997,]
Stretford,53.4466,-2.3086,]
Banbury,52.061,-1.336,]
Beckenham,51.408,-0.022,]
Greenford,51.5299,-0.3488,]
Ayr,55.458,-4.629,]
Wokingham,51.41,-0.84,]
Kilmarnock,55.6111,-4.4957,]
Cheshunt,51.702,-0.035,]
Havant,50.8517,-0.9842,]
Kirkby,53.48,-2.89,]
Salisbury,51.07,-1.79,]
Erith,51.48,0.1778,]
Hinckley,52.5413,-1.3725,]
Ashton,53.4897,-2.0952,]
Surbiton,51.394,-0.307,]
Castleford,53.716,-1.356,]
Catford,51.4452,-0.0207,]
Worksop,53.3042,-1.1244,]
Morley,53.7492,-1.6023,]
Coatbridge,55.8625,-4.0266,]
Wallsend,54.991,-1.534,]
Merthyr Tudful,51.743,-3.378,]
Sidcup,51.4263,0.1024,]
Kingston upon Thames,51.4103,-0.2995,]
Middleton,53.555,-2.187,]
Fleet,51.2834,-0.8456,]
King’s Lynn,52.754,0.398,]
Hoddesdon,51.759,-0.015,]
Fareham,50.85,-1.18,]
Greenock,55.95,-4.765,]
Urmston,53.4487,-2.3747,]
Sutton,51.3656,-0.1963,]
Caerphilly,51.578,-3.218,]
Bridgwater,51.128,-2.993,]
Leigh,53.4975,-2.515,]
Hatfield,51.7636,-0.2258,]
Newbury,51.401,-1.323,]
Welling,51.4594,0.1097,]
Kingswood,51.46,-2.505,]
Dunstable,51.886,-0.521,]
Bury Saint Edmunds,52.2474,0.7183,]
Ramsgate,51.336,1.416,]
Inverness,57.4778,-4.2247,]
Strood,51.393,0.478,]
Cleethorpes,53.5533,-0.0215,]
Skelmersdale,53.55,-2.776,]
Tipton,52.5259,-2.0751,]
Eccles,53.4824,-2.339,]
Pinner,51.5932,-0.3894,]
Great Yarmouth,52.606,1.729,]
Tonbridge,51.1987,0.2764,]
Ilkeston,52.9711,-1.3092,]
Leyland,53.6903,-2.6992,]
Glenrothes,56.198,-3.178,]
Chorley,53.653,-2.632,]
Herne Bay,51.37,1.13,]
Bishops Stortford,51.872,0.1725,]
Arnold,53.005,-1.127,]
Long Eaton,52.898,-1.271,]
Coalville,52.724,-1.369,]
Stirling,56.1166,-3.9369,]
Bletchley,51.994,-0.732,]
Leighton Buzzard,51.9165,-0.6617,]
Airdrie,55.86,-3.98,]
Blyth,55.126,-1.514,]
Port Talbot,51.5906,-3.7986,]
Laindon,51.574,0.4181,]
Redcar,54.618,-1.069,]
Llanelli,51.684,-4.163,]
Beeston,52.927,-1.215,]
Small Heath,52.4629,-1.8542,]
Camberley,51.335,-0.742,]
Houghton le Spring,54.841,-1.468,]
Whitley Bay,55.0456,-1.4443,]
Denton,53.4554,-2.1122,]
Chippenham,51.459,-2.116,]
West Bridgford,52.932,-1.127,]
Borehamwood,51.6578,-0.2722,]
Hyde,53.4474,-2.082,]
Hendon,51.5837,-0.2252,]
Falkirk,56.0011,-3.7835,]
Walkden,53.5239,-2.3991,]
Kenton,51.5878,-0.3086,]
Woodley,51.453,-0.902,]
Accrington,53.7534,-2.3638,]
Bridlington,54.0819,-0.1923,]
Winchester,51.0632,-1.308,]
Billingham,54.61,-1.27,]
Winsford,53.194,-2.52,]
Ewell,51.35,-0.249,]
Morecambe,54.073,-2.87,]
Grantham,52.918,-0.638,]
Swadlincote,52.774,-1.557,]
Exmouth,50.62,-3.413,]
North Shields,55.0097,-1.4448,]
Hitchin,51.947,-0.283,]
Spalding,52.7858,-0.1529,]
Rainham,51.36,0.61,]
Letchworth,51.978,-0.23,]
Lichfield,52.682,-1.829,]
Irvine,55.6201,-4.6614,]
Wickford,51.6114,0.5207,]
Loughton,51.6494,0.0735,]
Glossop,53.443,-1.949,]
Huyton,53.4111,-2.8403,]
Abingdon,51.6717,-1.2783,]
Trowbridge,51.32,-2.208,]
Warwick,52.28,-1.59,]
Motherwell,55.7839,-3.9852,]
Dumfries,55.07,-3.603,]
Brighouse,53.707,-1.794,]
Wigston Magna,52.5812,-1.093,]
Windsor,51.4791,-0.6095,]
Didcot,51.606,-1.241,]
Earley,51.433,-0.933,]
Bexleyheath,51.459,0.138,]
Rushden,52.288,-0.601,]
Ecclesfield,53.4429,-1.4698,]
Wisbech,52.664,0.16,]
Darwen,53.698,-2.461,]
Prestwich,53.5333,-2.2833,]
Epsom,51.3331,-0.2686,]
Pontypridd,51.602,-3.342,]
Rutherglen,55.828,-4.214,]
Saint Neots,52.228,-0.27,]
Bedworth,52.475,-1.477,]
Dover,51.1295,1.3089,]
Chichester,50.8365,-0.7792,]
Deal,51.2226,1.4006,]
Pontefract,53.691,-1.312,]
Bicester,51.9,-1.15,]
Beverley,53.845,-0.427,]
Burgess Hill,50.9535,-0.1262,]
Stratford-upon-Avon,52.1928,-1.7064,]
Newark upon Trent,53.0772,-0.8089,]
Northolt,51.5467,-0.37,]
Wishaw,55.7742,-3.9183,]
Harpenden,51.8175,-0.3524,]
Whitstable,51.361,1.026,]
Congleton,53.162,-2.217,]
Radcliffe,53.5615,-2.3268,]
Carshalton,51.3652,-0.1676,]
Plympton,50.386,-4.051,]
Bulwell,53.001,-1.197,]
Newtownards,54.591,-5.68,]
Kendal,54.326,-2.745,]
Sevenoaks,51.2781,0.1874,]
Northfleet,51.44,0.34,]
Cramlington,55.082,-1.585,]
Bromsgrove,52.3353,-2.0579,]
Nelson,53.8346,-2.218,]
Cambuslang,55.819,-4.1671,]
Pont-y-pŵl,51.703,-3.041,]
Hanwell,51.509,-0.338,]
Stanford le Hope,51.514,0.4244,]
Ballymena,54.86,-6.28,]
Frome,51.2279,-2.3215,]
Wood Green,51.5981,-0.1149,]
Bushey,51.6429,-0.3604,]
Heywood,53.59,-2.219,]
Carrickfergus,54.7136,-5.8075,]
Bearsden,55.9195,-4.3337,]
Reddish,53.4383,-2.1613,]
Billericay,51.628,0.4184,]
Newry,54.176,-6.349,]
Darlaston,52.5708,-2.0457,]
Ashington,55.181,-1.568,]
Jarrow,54.9814,-1.49,]
Witney,51.78,-1.49,]
Shotley Bridge,54.87,-1.86,]
Ashford,51.434,-0.464,]
Longton,52.9877,-2.1327,]
Melton Mowbray,52.7661,-0.886,]
Haverhill,52.08,0.44,]
Thetford,52.41,0.74,]
Aldridge,52.606,-1.9179,]
Seaford,50.77,0.1,]
Farnworth,53.5452,-2.3999,]
Highbury,51.552,-0.097,]
Newton Mearns,55.7716,-4.3347,]
Cheadle Hulme,53.3761,-2.1897,]
Newton Aycliffe,54.62,-1.58,]
East Grinstead,51.1286,-0.0144,]
Ashton in Makerfield,53.487,-2.641,]
Clydebank,55.8997,-4.4006,]
Wilmslow,53.325,-2.239,]
Burntwood,52.6831,-1.92,]
Fleetwood,53.922,-3.012,]
Bournville,52.4299,-1.9355,]
Shenley Brook End,52.009,-0.789,]
Consett,54.85,-1.83,]
New Milton,50.76,-1.65,]
Coulsdon,51.3211,-0.1386,]
Farnham,51.215,-0.799,]
Bilston,52.566,-2.0728,]
Wellington,52.7001,-2.5157,]
Witham,51.7978,0.6373,]
Oldbury,52.505,-2.0159,]
Thatcham,51.405,-1.264,]
Bishop Auckland,54.663,-1.676,]
Longbridge,52.395,-1.979,]
Bloxwich,52.614,-2.004,]
Upminster,51.5557,0.2512,]
Kirkby in Ashfield,53.099,-1.245,]
Workington,54.6365,-3.5549,]
Kingswinford,52.4981,-2.1657,]
Rhyl,53.321,-3.48,]
Whitehaven,54.548,-3.5855,]
Droitwich,52.267,-2.153,]
Daventry,52.2578,-1.1628,]
Hindley,53.5355,-2.5658,]
Portishead,51.484,-2.7626,]
Pitsea,51.569,0.504,]
Westhoughton,53.549,-2.529,]
Broadstairs,51.3589,1.4394,]
Thundersley,51.57,0.59,]
Gorleston-on-Sea,52.5757,1.7235,]
Penistone,53.525,-1.629,]
Thornaby on Tees,54.5585,-1.3025,]
Hertford,51.7966,-0.0774,]
Newton in Makerfield,53.45,-2.633,]
Felixstowe,51.9639,1.3515,]
Rugeley,52.7599,-1.9388,]
Kings Norton,52.4072,-1.9272,]
Alfreton,53.097,-1.38,]
Chester-le-Street,54.8594,-1.5699,]
Farnley,53.7876,-1.6159,]
Great Sankey,53.3918,-2.6383,]
Golborne,53.4758,-2.5943,]
Plymstock,50.3569,-4.09,]
Ryde,50.7271,-1.1618,]
Ormskirk,53.5665,-2.8869,]
Barnstaple,51.08,-4.06,]
Rickmansworth,51.6383,-0.4659,]
Littleover,52.906,-1.505,]
Newport,50.701,-1.2883,]
Arbroath,56.561,-2.586,]
Caversham,51.467,-0.973,]
Oadby,52.5987,-1.0763,]
Kidsgrove,53.0874,-2.2478,]
East Retford,53.3228,-0.9431,]
Huntingdon,52.3364,-0.1717,]
Stalybridge,53.4834,-2.04,]
Stanmore,51.618,-0.314,]
Droylsden,53.4828,-2.1582,]
Marple,53.397,-2.061,]
Perry Barr,52.5249,-1.9042,]
Gosforth,55.007,-1.623,]
Newton Abbot,50.529,-3.61,]
Bishopbriggs,55.9046,-4.225,]
Whitefield,53.5521,-2.2992,]
Elgin,57.6486,-3.3153,]
Penwortham,53.74,-2.72,]
Harborne,52.46,-1.95,]
Rawtenstall,53.699,-2.291,]
Clifton,52.904,-1.177,]
Swinton,53.5122,-2.3412,]
Bathgate,55.9024,-3.6431,]
Market Harborough,52.4775,-0.9206,]
Waltham Abbey,51.6846,0.0004,]
Gainsborough,53.4016,-0.7732,]
Erdington,52.5236,-1.8378,]
Haywards Heath,51.0048,-0.0979,]
Wednesfield,52.5998,-2.0827,]
Farsley,53.8116,-1.6718,]
Kenilworth,52.341,-1.566,]
Potters Bar,51.698,-0.183,]
Foleshill,52.4255,-1.502,]
Formby,53.5586,-3.0666,]
Pudsey,53.797,-1.663,]
Evesham,52.092,-1.947,]
March,52.551,0.088,]
Tiverton,50.903,-3.488,]
Shoeburyness,51.5316,0.7978,]
Litherland,53.4727,-2.999,]
Yeadon,53.869,-1.688,]
Acomb,53.955,-1.126,]
Reigate,51.237,-0.206,]
Penarth,51.43,-3.17,]
Horley,51.174,-0.172,]
Newquay,50.412,-5.0757,]
Camborne,50.213,-5.3,]
Northwood,51.601,-0.4176,]
Atherton,53.523,-2.495,]
Clevedon,51.438,-2.854,]
Sandbach,53.146,-2.367,]
Renfrew,55.878,-4.389,]
Belper,53.029,-1.475,]
Sheldon,52.45,-1.7666,]
Falmouth,50.15,-5.07,]
Yate,51.5402,-2.411,]
Biggleswade,52.0855,-0.2557,]
Bailleston,55.8474,-4.1147,]
Truro,50.26,-5.051,]
Stowmarket,52.19,1.0,]
Chesham,51.712,-0.612,]
Richmond,51.456,-0.301,]
Chandlers Ford,50.984,-1.3792,]
Kirkintilloch,55.938,-4.155,]
Darton,53.585,-1.5325,]
Royton,53.566,-2.121,]
Dronfield,53.3024,-1.4664,]
Ossett,53.68,-1.58,]
Penzance,50.119,-5.537,]
Skegness,53.1436,0.3428,]
Saint Austell,50.34,-4.79,]
Caterham,51.2803,-0.0816,]
Woodlesford,53.7567,-1.453,]
Stratton Saint Margaret,51.586,-1.762,]
Normanton,53.697,-1.416,]
Wallington,51.3647,-0.1403,]
Musselburgh,55.942,-3.054,]
Norton,54.589,-1.3157,]
Leek,53.108,-2.0234,]
Leigh-on-Sea,51.5425,0.6535,]
Boscombe,50.725,-1.84,]
Llandudno,53.3225,-3.825,]
Failsworth,53.5102,-2.1575,]
Kirkstall,53.816,-1.602,]
Crowborough,51.06,0.16,]
Dumbarton,55.95,-4.5667,]
Shoreham-by-Sea,50.834,-0.273,]
Hythe,50.869,-1.399,]
Hailsham,50.8647,0.2577,]
Omagh,54.598,-7.309,]
Maghull,53.5174,-2.9449,]
Newmarket,52.2459,0.4105,]
Sandhurst,51.349,-0.8,]
Tewkesbury,51.99,-2.16,]
Rothwell,53.7485,-1.478,]
Bellshill,55.816,-4.026,]
Ely,52.3981,0.2622,]
Ripley,53.05,-1.407,]
Seaham,54.84,-1.34,]
Peterlee,54.76,-1.33,]
Dorchester,50.7154,-2.4367,]
Halewood,53.3599,-2.84,]
Killingworth,55.0318,-1.5557,]
Horwich,53.592,-2.54,]
Buxton,53.259,-1.911,]
Bispham,53.852,-3.041,]
Hampton,51.422,-0.367,]
Minster,51.421,0.809,]
Antrim,54.7173,-6.2055,]
Irlam,53.445,-2.422,]
Biddulph,53.12,-2.17,]
Spennymoor,54.7,-1.59,]
Garforth,53.792,-1.388,]
Sleaford,52.996,-0.413,]
Stoke Gifford,51.517,-2.548,]
Selby,53.7836,-1.0678,]
Stamford,52.656,-0.484,]
Davyhulme,53.4559,-2.3683,]
Burnham-on-Sea,51.2376,-2.9935,]
Abbots Langley,51.701,-0.416,]
Mirfield,53.6807,-1.6888,]
Goole,53.6992,-0.8692,]
Kempston,52.114,-0.497,]
Adel,53.8489,-1.5849,]
Liversedge,53.7067,-1.69,]
Great Linford,52.068,-0.7637,]
Faversham,51.3177,0.8928,]
Dukinfield,53.4739,-2.0828,]
Peterhead,57.5091,-1.7832,]
Ecclesall,53.362,-1.498,]
Ystrad Mynach,51.6419,-3.2405,]
Frimley,51.3143,-0.7387,]
Molesey,51.401,-0.363,]
Prestatyn,53.331,-3.405,]
Cirencester,51.719,-1.968,]
Calne,51.438,-2.005,]
Monkseaton,55.043,-1.459,]
Southbourne,50.722,-1.798,]
Horsforth,53.837,-1.643,]
Larne,54.8517,-5.8133,]
Lancing,50.832,-0.319,]
Ware,51.8108,-0.0314,]
Broughty Ferry,56.4672,-2.8699,]
Eastwood,53.018,-1.304,]
East Dereham,52.681,0.94,]
Stannington,53.396,-1.536,]
Ebbw Vale,51.78,-3.21,]
Appley Bridge,53.579,-2.721,]
Rawmarsh,53.4636,-1.3439,]
Staines-upon-Thames,51.434,-0.511,]
Bedlington,55.133,-1.583,]
Mill Hill,51.62,-0.23,]
Almondbury,53.6344,-1.7489,]
Hadleigh,51.5535,0.6095,]
Bingley,53.846,-1.836,]
Bideford,51.016,-4.209,]
Staveley,53.2694,-1.3484,]
Shaw,53.5783,-2.0951,]
Fulwood,53.365,-1.544,]
Warminster,51.205,-2.181,]
Redhill,51.2393,-0.1726,]
Heckmondwike,53.708,-1.67,]
Poulton le Fylde,53.847,-2.995,]
Berkhampstead,51.76,-0.56,]
Wandsworth,51.455,-0.192,]
Sunbury,51.423,-0.424,]
Mickleover,52.901,-1.552,]
Bourne,52.7684,-0.3775,]
Madeley,52.637,-2.448,]
Ramsbottom,53.6483,-2.3167,]
Colne,53.8554,-2.1756,]
Alton,51.1498,-0.9769,]
Portchester,50.842,-1.12,]
Harwich,51.934,1.266,]
South Ockendon,51.5207,0.2956,]
Moreton,53.401,-3.111,]
Whittlesey,52.558,-0.13,]
Fern Down,50.81,-1.9,]
Barrhead,55.801,-4.389,]
Maesteg,51.61,-3.65,]
Saint Andrews,56.3404,-2.7955,]
Bonnyrigg,55.8747,-3.1031,]
Quedgeley,51.825,-2.28,]
Woodhouse,53.358,-1.373,]
Royston,52.0471,-0.0202,]
Bramhall,53.357,-2.164,]
Louth,53.3669,-0.0061,]
Hednesford,52.7115,-2.0006,]
Thorne,53.6083,-0.9583,]
Houghton Regis,51.9039,-0.5247,]
Thornton,53.7898,-1.8504,]
Heanor,53.014,-1.354,]
Friern Barnet,51.6126,-0.1584,]
Milton,53.05,-2.142,]
Hatfield,53.58,-1.0,]
Glen Parva,52.5867,-1.1617,]
Cottingham,53.7822,-0.4136,]
Clitheroe,53.8711,-2.3916,]
Mosbrough,53.325,-1.362,]
Heysham,54.046,-2.894,]
Clayton,53.782,-1.8135,]
Guisborough,54.535,-1.0563,]
Morriston,51.6647,-3.9389,]
High Blantyre,55.7936,-4.0919,]
Maltby,53.426,-1.21,]
Braunstone,52.616,-1.175,]
Haslingden,53.705,-2.328,]
North Hykeham,53.1833,-0.5875,]
Devizes,51.3528,-1.9958,]
Saltash,50.408,-4.212,]
Haslemere,51.09,-0.712,]
Brixham,50.394,-3.516,]
Saint Ives,52.3344,-0.0761,]
Fazakerley,53.4676,-2.9408,]
Windlesham,51.36,-0.66,]
Connahs Quay,53.218,-3.057,]
Plumstead,51.49,0.09,]
Bredbury,53.42,-2.113,]
Wellington,50.9755,-3.2243,]
Banstead,51.322,-0.204,]
Whickham,54.946,-1.6761,]
Grangemouth,56.012,-3.717,]
Keynsham,51.4135,-2.4968,]
Cleckheaton,53.725,-1.719,]
The Mumbles,51.573,-3.9992,]
Cowley,51.733,-1.215,]
Hebburn,54.972,-1.513,]
Ashby de la Zouch,52.746,-1.476,]
Enfield Lock,51.6686,-0.026,]
Kilwinning,55.655,-4.703,]
Westbury,51.26,-2.191,]
Stone,52.9,-2.15,]
Denby Dale,53.572,-1.655,]
Bangor,53.228,-4.128,]
Birstall,53.732,-1.66,]
Dungannon,54.5,-6.77,]
Ripon,54.138,-1.524,]
Queensbury,53.7683,-1.8453,]
Stepney,51.5152,-0.0462,]
Basford,52.978,-1.169,]
Tyldesley,53.5166,-2.4667,]
East Barnet,51.643,-0.163,]
Upton,53.385,-3.099,]
Buckley,53.172,-3.086,]
Johnstone,55.8346,-4.5027,]
Worcester Park,51.3752,-0.239,]
East Finchley,51.5902,-0.1753,]
Lewes,50.8747,0.0117,]
Chertsey,51.3902,-0.5074,]
South Hayling,50.78,-0.97,]
Penicuik,55.826,-3.22,]
Adwick le Street,53.5677,-1.1931,]
Hayes,51.378,0.0192,]
Addlestone,51.3695,-0.4901,]
Northallerton,54.3378,-1.4285,]
Lymington,50.75,-1.55,]
Carterton,51.76,-1.59,]
Ponders End,51.646,-0.046,]
Ince-in-Makerfield,53.5402,-2.599,]
Porthcawl,51.48,-3.69,]
Nailsea,51.43,-2.76,]
Oswestry,52.8598,-3.0538,]
Swinton,53.4877,-1.3149,]
West Ham,51.534,0.008,]
Matlock,53.14,-1.55,]
Saffron Walden,52.022,0.243,]
Shipley,53.833,-1.777,]
Todmorden,53.713,-2.096,]
Stapleford,52.929,-1.274,]
Weybridge,51.362,-0.453,]
Knaresborough,54.0084,-1.467,]
Broxburn,55.934,-3.471,]
Seacombe,53.409,-3.029,]
Baildon,53.851,-1.763,]
Perivale,51.5383,-0.3192,]
Wombwell,53.516,-1.4,]
Stanley,53.7145,-1.476,]
Llantrisant,51.542,-3.375,]
Broxbourne,51.7495,-0.0216,]
Dawlish,50.581,-3.466,]
Featherstone,53.7,-1.37,]
Mexborough,53.4992,-1.283,]
Neston,53.289,-3.074,]
Bidston,53.402,-3.078,]
Northenden,53.4075,-2.2583,]
Chellaston,52.8671,-1.4384,]
Verwood,50.8815,-1.8785,]
Redruth,50.2328,-5.2264,]
Palmers Green,51.6178,-0.1092,]
Totteridge,51.6354,-0.2,]
Blaydon,54.963,-1.719,]
New Brighton,53.432,-3.049,]
Newport Pagnell,52.087,-0.722,]
Tredegar,51.7776,-3.2407,]
Swallownest,53.3623,-1.3251,]
Netherton,52.4908,-2.0835,]
Hessle,53.7239,-0.4319,]
Winkfield,51.4318,-0.7096,]
Petersfield,51.0038,-0.9374,]
Kenley,51.3242,-0.0969,]
Sudbury,51.5537,-0.3199,]
Wyke,53.7333,-1.7667,]
Kew Green,51.5308,-0.2248,]
West Wickham,51.3765,-0.0193,]
Shepshed,52.7711,-1.2951,]
Bromborough,53.336,-2.978,]
Chislehurst,51.412,0.075,]
Ilkley,53.925,-1.822,]
Baguley,53.399,-2.276,]
Armagh,54.3499,-6.6546,]
Romsey,50.989,-1.4966,]
Bo’ness,56.0168,-3.6089,]
Penrith,54.6648,-2.7548,]
Balham,51.4434,-0.1525,]
Teignmouth,50.5515,-3.4886,]
Banbridge,54.349,-6.27,]
Larkhall,55.737,-3.972,]
Bodmin,50.466,-4.718,]
Conwy,53.28,-3.83,]
Prestwick,55.4956,-4.6142,]
Troon,55.54,-4.66,]
Melksham,51.371,-2.138,]
Wibsey,53.7672,-1.7728,]
Great Baddow,51.719,0.507,]
Farnborough,51.3591,0.0741,]
Skipton,53.9625,-2.0163,]
Port Glasgow,55.934,-4.6906,]
Lowton,53.471,-2.569,]
Burbage,52.5277,-1.3483,]
Thorpe Saint Andrew,52.6354,1.3431,]
Moston,53.5156,-2.1848,]
Chelsfield,51.3582,0.1278,]
Aberdare,51.713,-3.445,]
Thornbury,51.6094,-2.5249,]
Morton,51.6094,-2.5249,]
Uckfield,50.97,0.1,]
Deysbrook,53.429,-2.934,]
Armthorpe,53.5352,-1.0522,]
Southgate,51.6316,-0.1265,]
Alloa,56.116,-3.793,]
Dollis Hill,51.5641,-0.2341,]
Wymondham,52.57,1.116,]
Hetton le Hole,54.821,-1.449,]
Amersham,51.677,-0.603,]
West Derby,53.4338,-2.907,]
Cowes,50.7595,-1.3002,]
West Drayton,51.5043,-0.4646,]
Conisbrough,53.479,-1.227,]
Rottingdean,50.815,-0.065,]
Kidbrooke,51.4621,0.0273,]
Rock Ferry,53.373,-3.008,]
Shirley,51.3813,-0.0543,]
Pollokshaws,55.8252,-4.2947,]
Chard,50.8728,-2.9587,]
Patcham,50.864,-0.15,]
Weston,53.413,-2.798,]
Poynton,53.35,-2.1167,]
Seacroft,53.8222,-1.4599,]
Forfar,56.6442,-2.8884,]
Maldon,51.7318,0.6758,]
Kearsley,53.53,-2.37,]
Leyton,51.57,-0.015,]
Mackworth,52.9277,-1.5373,]
Hythe,51.0716,1.084,]
Ashtead,51.31,-0.299,]
Wombourn,52.5302,-2.1857,]
Bishops Cleeve,51.947,-2.061,]
Nantwich,53.067,-2.522,]
Hazel Grove,53.375,-2.111,]
Morpeth,55.1675,-1.6908,]
Uttoxeter,52.898,-1.86,]
Marlow,51.57,-0.78,]
Pemberton,53.536,-2.6738,]
Brierley Hill,52.4795,-2.1245,]
Streetly,52.577,-1.884,]
Bickley,51.4003,0.0466,]
Rustington,50.8102,-0.5052,]
Eastham,53.313,-2.962,]
Cosham,50.8424,-1.066,]
Enniskillen,54.3447,-7.6389,]
Littleborough,53.644,-2.098,]
Rosyth,56.0339,-3.4323,]
Hawick,55.422,-2.787,]
Sidmouth,50.68,-3.239,]
Milford Haven,51.7142,-5.0427,]
Kidlington,51.8231,-1.2903,]
Knottingley,53.705,-1.249,]
Otley,53.905,-1.687,]
Helensburgh,56.0166,-4.7333,]
Childwall,53.395,-2.881,]
Allestree,52.9519,-1.4856,]
Middlewich,53.192,-2.443,]
Whitby,54.4858,-0.6206,]
Royal Wootton Bassett,51.533,-1.9,]
Bridport,50.7336,-2.7584,]
Rossington,53.4759,-1.0613,]
Hilsea,50.83,-1.07,]
Clifton,53.9721,-1.0979,]
Hemsworth,53.61,-1.35,]
Strabane,54.83,-7.47,]
Little Hulton,53.53,-2.418,]
Stroud,51.744,-2.215,]
Chaddesden,52.9301,-1.4383,]
Heswall,53.328,-3.099,]
Dalkeith,55.8958,-3.0583,]
Amblecote,52.46,-2.16,]
Alsager,53.096,-2.305,]
Saint Budeaux,50.4033,-4.1856,]
Corsham,51.434,-2.185,]
Egg Buckland,50.4006,-4.1136,]
Bacup,53.704,-2.199,]
Carluke,55.734,-3.834,]
Ampthill,52.0263,-0.4906,]
Shirebrook,53.2048,-1.2197,]
Shiremoor,55.0366,-1.5048,]
Standish,53.586,-2.664,]
Thame,51.75,-0.97,]
West Boldon,54.945,-1.441,]
Linlithgow,55.9791,-3.6105,]
Knutsford,53.3025,-2.3708,]
Dingle,53.3774,-2.9613,]
Walsall Wood,52.6277,-1.9301,]
Southwick,50.836,-0.239,]
Fraserburgh,57.693,-2.005,]
Caerfyrddin,51.856,-4.316,]
Hamworthy,50.7207,-2.0109,]
Wantage,51.589,-1.427,]
Wollaston,52.4619,-2.1663,]
Great Driffield,54.005,-0.438,]
Pendlebury,53.5075,-2.3154,]
Goodmayes,51.5631,0.1133,]
Sudbury,52.0417,0.7282,]
Milnrow,53.6101,-2.1111,]
Aberystwyth,52.414,-4.081,]
Holborn,51.5204,-0.1136,]
Brackley,52.032,-1.147,]
Midsomer Norton,51.2842,-2.4817,]
Galashiels,55.6194,-2.8033,]
Gornalwood,52.523,-2.124,]
Yiewsley,51.513,-0.471,]
Shenley Church End,52.022,-0.788,]
Flint,53.2482,-3.1358,]
Woolton,53.374,-2.865,]
Leagrave,51.903,-0.466,]
Cliftonville,51.3881,1.4046,]
Buckingham,51.995,-0.986,]
Chilwell,52.916,-1.235,]
Syston,52.7,-1.08,]
Little Lever,53.563,-2.369,]
Milngavie,55.9421,-4.3137,]
Sanderstead,51.3358,-0.0818,]
Chalfont Saint Peter,51.607,-0.556,]
Ainsdale,53.6021,-3.0405,]
Lymm,53.3834,-2.475,]
Flitwick,52.0038,-0.4966,]
Brownhills,52.647,-1.933,]
Hornsey,51.587,-0.118,]
Sutton on Hull,53.7806,-0.3047,]
Market Warsop,53.2,-1.15,]
Warsop,53.2,-1.15,]
Saltcoats,55.6352,-4.7896,]
Horndean,50.9136,-0.9961,]
North Walsham,52.8214,1.3861,]
Wordsley,52.483,-2.15,]
Croxley Green,51.647,-0.445,]
Armadale,55.8978,-3.7047,]
Mablethorpe,53.3409,0.261,]
Wolverton,52.0626,-0.8102,]
Costessey,52.6602,1.2161,]
Barton upon Irwell,53.476,-2.36,]
Cromer,52.931,1.302,]
Bickenhill,52.439,-1.725,]
Tilbury,51.4606,0.3582,]
Chigwell,51.6225,0.0723,]
Hersham,51.3681,-0.4008,]
Spondon,52.92,-1.401,]
Coseley,52.55,-2.083,]
Ovenden,53.7432,-1.8779,]
Chepstow,51.642,-2.675,]
Lye,52.459,-2.116,]
Tonyrefail,51.584,-3.4306,]
Giffnock,55.8051,-4.2946,]
New Mills,53.367,-2.007,]
Thatto Heath,53.4352,-2.7481,]
Harrow on the Hill,51.5655,-0.3327,]
Selston,53.07,-1.3,]
Newhaven,50.8,0.06,]
Birstall,52.6736,-1.12,]
Olton,52.4377,-1.8058,]
Cheadle,52.9849,-1.9865,]
Tranent,55.945,-2.954,]
Bamber Bridge,53.7281,-2.6606,]
Huntington,53.9926,-1.043,]
Montrose,56.708,-2.467,]
Tring,51.7962,-0.6592,]
North Tidworth,51.237,-1.664,]
Sedgley,52.54,-2.123,]
Beaconsfield,51.6009,-0.6347,]
Bridgnorth,52.535,-2.4195,]
Fenton,52.9977,-2.1578,]
Walton-on-the-Naze,51.848,1.268,]
Bentley,53.551,-1.144,]
Berwick-Upon-Tweed,55.7692,-2.0025,]
Hwlffordd,51.8,-4.97,]
Wells,51.2094,-2.645,]
Minehead,51.2038,-3.4738,]
Leominster,52.2282,-2.7385,]
Sheerness,51.441,0.76,]
Sandridge,51.7808,-0.3038,]
Halstead,51.9451,0.6411,]
Bargoed,51.69,-3.24,]
Rushall,52.6089,-1.9592,]
Snaresbrook,51.587,0.0146,]
Eckington,53.308,-1.3643,]
Hoyland Nether,53.4985,-1.4406,]
Ivybridge,50.389,-3.921,]
Torton,52.4522,-2.1606,]
Trentham,52.9663,-2.1899,]
Wath upon Dearne,53.5022,-1.3402,]
Street,51.127,-2.74,]
Oswaldtwistle,53.743,-2.393,]
Market Drayton,52.9044,-2.4848,]
Gillingham,51.0375,-2.2748,]
Hackney,51.541,-0.027,]
Wetherby,53.9276,-1.3839,]
Sowerby Bridge,53.71,-1.91,]
Risca,51.608,-3.091,]
Ulverston,54.193,-3.09,]
Elland,53.683,-1.84,]
Prudhoe,54.961,-1.849,]
Bolsover,53.2304,-1.2875,]
Bryn,53.499,-2.657,]
Sandy,52.131,-0.297,]
Cowdenbeath,56.11,-3.35,]
Burnham,51.54,-0.66,]
Henley on Thames,51.5357,-0.903,]
Ascot,51.4084,-0.6707,]
Sunninghill,51.4025,-0.655,]
Abertillery,51.73,-3.13,]
Wallingford,51.599,-1.125,]
Belgrave,52.6566,-1.1262,]
Downpatrick,54.322,-5.703,]
Wanstead,51.5778,0.0286,]
Blundellsands,53.48,-3.05,]
Brislington,51.4316,-2.5439,]
Tadley,51.3506,-1.1376,]
Culcheth,53.4517,-2.5218,]
Holyhead,53.309,-4.633,]
Haydock,53.4678,-2.6609,]
Dawley,52.663,-2.467,]
Wealdstone,51.5957,-0.3352,]
Greetland,53.6869,-1.8714,]
Newport,52.7691,-2.3787,]
Buckhurst Hill,51.632,0.036,]
Harrow Weald,51.604,-0.339,]
Great Bookham,51.278,-0.373,]
Little Bookham,51.2804,-0.3897,]
Pelsall,52.631,-1.972,]
Carnoustie,56.501,-2.71,]
Newtown,52.5132,-3.3141,]
Knowsley,53.4498,-2.8501,]
Leatherhead,51.295,-0.329,]
Oxted,51.257,-0.006,]
Burslem,53.0426,-2.1879,]
Hipperholme,53.7258,-1.812,]
Chorleywood,51.65,-0.51,]
Limavady,55.053,-6.946,]
Stanwell,51.457,-0.4715,]
Astley,53.5008,-2.4454,]
Burtonwood,53.4302,-2.6614,]
Maryport,54.7128,-3.4926,]
Largs,55.795,-4.87,]
Boultham,53.214,-0.5561,]
Kingsnorth,51.1178,0.8615,]
Greasley,53.02,-1.27,]
Cranleigh,51.1363,-0.4784,]
Mountain Ash,51.6814,-3.3792,]
Saint Ives,50.211,-5.48,]
Crayford,51.4491,0.1812,]
Castle Bromwich,52.505,-1.7856,]
Linslade,51.9243,-0.6774,]
Ilfracombe,51.208,-4.12,]
Prescot,53.4286,-2.8064,]
Wootton,52.2007,-0.8857,]
Stonehaven,56.964,-2.211,]
Dorking,51.2325,-0.3306,]
Honiton,50.8,-3.19,]
Aylestone,52.604,-1.154,]
Dorridge,52.372,-1.7554,]
Hexham,54.971,-2.101,]
Evington,52.628,-1.074,]
Southborough,51.1598,0.2652,]
Iver,51.521,-0.507,]
Ollerton,53.2,-1.02,]
Barton upon Humber,53.6833,-0.45,]
Timperley,53.387,-2.328,]
Whitchurch,51.4064,-2.5594,]
Great Wyrley,52.6593,-2.0102,]
Larbert,56.0229,-3.826,]
Ballymoney,55.071,-6.508,]
Epping,51.7004,0.1087,]
Bottesford,53.5521,-0.6714,]
Tavistock,50.545,-4.15,]
Chatteris,52.456,0.055,]
Llandybie,51.82,-4.001,]
Churchdown,51.88,-2.17,]
Colwyn Bay,53.29,-3.7,]
Cudworth,53.5784,-1.4149,]
Oakham,52.6705,-0.7333,]
Hellesdon,52.6485,1.2509,]
Highgate,51.5716,-0.1448,]
Ponteland,55.048,-1.747,]
Mossley,53.5147,-2.0387,]
Hollinwood,53.5183,-2.144,]
Great Harwood,53.786,-2.408,]
Inverurie,57.28,-2.38,]
Soham,52.3338,0.3361,]
Whitburn,55.8621,-3.6872,]
Rainhill,53.4157,-2.7625,]
Earlestown,53.45,-2.65,]
Biggin Hill,51.3127,0.0336,]
Shepton Mallet,51.193,-2.546,]
Methil,56.1844,-3.0223,]
Wooburn,51.581,-0.691,]
Flixton,53.447,-2.391,]
Parkstone,50.71,-1.95,]
Barnoldswick,53.9147,-2.1895,]
Selsey,50.735,-0.7898,]
Royston,53.61,-1.45,]
Amesbury,51.173,-1.78,]
Ormesby,54.5492,-1.1817,]
Diss,52.3812,1.1079,]
Ross on Wye,51.914,-2.587,]
Desborough,52.4398,-0.8172,]
Hatch End,51.601,-0.3743,]
Chesterfield,53.2363,-1.4292,]
Darfield,53.538,-1.3812,]
Knowle,52.3881,-1.7318,]
Ardrossan,55.6432,-4.8097,]
Aylesford,51.3033,0.4796,]
Cookstown,54.647,-6.745,]
Longbenton,55.0,-1.57,]
Felton,51.51,-2.574,]
Englefield Green,51.4301,-0.5699,]
Kingsteignton,50.5458,-3.5962,]
Abergele,53.28,-3.58,]
Southwick,54.9193,-1.4062,]
Monmouth,51.81,-2.72,]
Whitnash,52.268,-1.524,]
Ryhope,54.8679,-1.3698,]
Attleborough,52.5183,1.0192,]
Holbeach,52.8037,0.0154,]
Launceston,50.637,-4.36,]
Burton Latimer,52.365,-0.678,]
Eccleston,53.4539,-2.7748,]
Prestonpans,55.9597,-2.961,]
Scartho,53.5399,-0.0926,]
Bradford-on-Avon,51.347,-2.251,]
Northfield,52.408,-1.963,]
Great Dunmow,51.871,0.364,]
Charlton Kings,51.8877,-2.0413,]
Ickenham,51.558,-0.4484,]
Blandford Forum,50.856,-2.165,]
Gourock,55.9538,-4.8173,]
Teddington,51.424,-0.332,]
Stranraer,54.902,-5.027,]
Mildenhall,52.3446,0.5089,]
Broadstone,50.7605,-1.995,]
Spitalfields,51.5166,-0.075,]
Cheam,51.36,-0.21,]
Ludlow,52.368,-2.718,]
Appleton,53.3508,-2.5441,]
Lemington,54.972,-1.723,]
Snodland,51.328,0.4467,]
Ellon,57.366,-2.086,]
New Silksworth,54.871,-1.3957,]
Fort William,56.8198,-5.1052,]
Castleton,53.5907,-2.1737,]
Rogerstone,51.5906,-3.0537,]
Whitchurch,52.969,-2.682,]
Great Missenden,51.7042,-0.7078,]
Corfe Mullen,50.7701,-2.0175,]
Pocklington,53.9309,-0.7781,]
Beccles,52.458,1.563,]
Forres,57.608,-3.62,]
Padiham,53.797,-2.311,]
Worsley,53.5093,-2.3845,]
Warfield,51.442,-0.737,]
Bingham,52.952,-0.953,]
Kilsyth,55.98,-4.06,]
Abergavenny,51.824,-3.0167,]
Radlett,51.685,-0.318,]
Mold,53.166,-3.133,]
Vange,51.55,0.4667,]
Chapeltown,53.462,-1.466,]
Lydney,51.7286,-2.5285,]
Southwater,51.0238,-0.3526,]
Horbury,53.6595,-1.5324,]
Downham Market,52.6,0.39,]
Euxton,53.662,-2.674,]
Marton,54.5372,-1.2047,]
Shildon,54.63,-1.65,]
Bishopstoke,50.9679,-1.3278,]
Aberaman,51.7,-3.4333,]
Birchington,51.377,1.305,]
Nairn,57.586,-3.869,]
Handsworth,53.37,-1.4,]
Aldenham,51.6723,-0.3546,]
Burscough,53.596,-2.843,]
Balderton,53.0549,-0.7727,]
Liskeard,50.4536,-4.4651,]
Baldock,51.99,-0.19,]
Worth,51.113,-0.147,]
Stocksbridge,53.478,-1.588,]
Abram,53.508,-2.588,]
Caldicot,51.591,-2.7492,]
Choppington,55.145,-1.601,]
Kippax,53.7669,-1.3705,]
Tottington,53.613,-2.339,]
Helston,50.1,-5.27,]
Dodworth,53.5417,-1.5214,]
Shepperton,51.39,-0.46,]
Pembroke Dock,51.693,-4.946,]
Felpham,50.7905,-0.6539,]
Cobham,51.329,-0.409,]
Raynes Park,51.4033,-0.2321,]
Rhosllanerchrugog,53.011,-3.052,]
Lambeth,51.49,-0.119,]
Bradwell,52.05,-0.787,]
Glenfield,52.6491,-1.2062,]
Immingham,53.6139,-0.2183,]
Hockley,51.6014,0.6363,]
Caernarfon,53.14,-4.27,]
Swanage,50.608,-1.96,]
Yarm,54.5,-1.35,]
Boxley,51.3024,0.5429,]
Newburn,54.983,-1.743,]
Tadworth,51.294,-0.242,]
Shevington,53.572,-2.69,]
Worsborough,53.52,-1.47,]
London Colney,51.726,-0.3,]
Emsworth,50.849,-0.938,]
Llantwit Major,51.4062,-3.475,]
Bewdley,52.3758,-2.315,]
South Normanton,53.107,-1.343,]
Killamarsh,53.3205,-1.3116,]
Brockworth,51.85,-2.15,]
Radstock,51.293,-2.448,]
Dunblane,56.1838,-3.9674,]
Thames Ditton,51.389,-0.331,]
Hayle,50.186,-5.419,]
Horsell,51.3286,-0.5617,]
Raunds,52.345,-0.537,]
Broadwater,50.8282,-0.3742,]
Wilnecote,52.6081,-1.6677,]
Lutterworth,52.456,-1.2,]
Queensferry,55.99,-3.398,]
Sherborne,50.9469,-2.5171,]
Irthlingborough,52.324,-0.614,]
Frodsham,53.2947,-2.7289,]
Polegate,50.8216,0.2442,]
Ledbury,52.0339,-2.4235,]
Coleford,51.791,-2.6162,]
Crigglestone,53.644,-1.5225,]
Towcester,52.13,-0.99,]
Stevenston,55.645,-4.758,]
Bowdon,53.376,-2.366,]
Clay Cross,53.1637,-1.4128,]
Bude,50.824,-4.542,]
Totnes,50.432,-3.684,]
Cullercoats,55.033,-1.433,]
Tilehurst,51.4579,-1.0406,]
Aberbargoed,51.6968,-3.224,]
Tiptree,51.81,0.75,]
Yatton,51.3855,-2.8256,]
Yaxley,52.52,-0.26,]
Littleport,52.4568,0.3046,]
Pencoed,51.5228,-3.5047,]
Brandon,52.4474,0.6242,]
Haddington,55.956,-2.781,]
Shanklin,50.6333,-1.175,]
Usworth,54.94,-1.55,]
Portlethen,57.061,-2.13,]
Dinnington,53.3667,-1.2,]
Pontardulais,51.71,-4.04,]
Bonhill,55.983,-4.567,]
Lanark,55.6749,-3.777,]
Rye,50.95,0.73,]
Leven,56.195,-2.9942,]
Dunbar,56.0027,-2.5169,]
Barwell,52.5682,-1.3462,]
Blairgowrie,56.5916,-3.3405,]
Cupar,56.32,-3.01,]
Bovingdon,51.7231,-0.5367,]
Denbigh,53.1854,-3.4178,]
Sileby,52.731,-1.106,]
Ferryhill,54.69,-1.55,]
Peebles,55.6519,-3.1889,]
Broughton Astley,52.5278,-1.2275,]
Glastonbury,51.1485,-2.714,]
Felling,54.95,-1.564,]
Great Cornard,52.0245,0.7497,]
Caister-on-Sea,52.651,1.733,]
Sandiacre,52.923,-1.289,]
Holywell,53.274,-3.223,]
Partick,55.8699,-4.3125,]
Ifield,51.1234,-0.2073,]
Rhymney,51.759,-3.283,]
Cumnock,55.4529,-4.2638,]
Hucclecote,51.85,-2.18,]
Brimington,53.258,-1.3905,]
Cherry Hinton,52.1849,0.176,]
Annan,54.983,-3.266,]
Cinderford,51.8225,-2.4989,]
Cowley,51.528,-0.481,]
Cockermouth,54.6613,-3.362,]
Binfield,51.432,-0.792,]
Atherstone,52.5787,-1.5462,]
Buckie,57.6764,-2.965,]
Chapel en le Frith,53.322,-1.917,]
Stansted Mountfitchet,51.898,0.198,]
Canford Cliffs,50.7,-1.93,]
Whitwick,52.7403,-1.3556,]
Ammanford,51.8,-3.993,]
Waltham Cross,51.686,-0.0331,]
Bucksburn,57.177,-2.175,]
Kirk of Shotts,55.823,-3.804,]
Sompting,50.8303,-0.3395,]
East Leake,52.832,-1.177,]
Meltham,53.592,-1.85,]
Worplesdon,51.272,-0.612,]
Penkridge,52.7252,-2.1164,]
Clayton le Moors,53.775,-2.384,]
Cam,51.7011,-2.3642,]
Oakengates,52.695,-2.451,]
Bedwas,51.5926,-3.2061,]
West Auckland,54.6318,-1.721,]
Carlton Colville,52.454,1.691,]
Kirkwall,58.981,-2.96,]
Wick,58.454,-3.089,]
Lerwick,60.155,-1.145,]
